Module Name,Test Case Name
/Real Appeal/Member/Enrollment/Custom Enrollment,RA_Member_CustomEnrollment_MemberEnrollmentUnderClientWithSingleInsuranceCarrierAndSinglePolicy
/Real Appeal/Member/Enrollment/PHI Data Consent,RA_Member_PHIDataConsent_OldMembersAcceptingAndDecliningPHIDataConsentUpOnLoginForClient
/Real Appeal/Member/Idle_Member,RA_Member_IdleMember_EmailNotificationMemberFromIdleStatusAndCoachAfterMovedToNewClass
/Real Appeal/Member/Idle_Member,RA_Member_IdleMember_ResetSecurityQ&ANotification
/Real Appeal/Member/Login,RA_Member_Login_MemberForgotPasswordEmailValid
/Real Appeal/Member/Login,RA_Member_Login_MemberForgotPasswordValidandInvalidEmail
/Real Appeal/Member/Login,RA_Member_Login_MemberLoginFromForgetPasswordDialogAndEnrollment
/Real Appeal/Member/Message Center,RA_Member_MessageCenter_RecepientNameOnReplyingMessageToCoach
/Real Appeal/Member/Notification/Email,RA_Member_Notification_Email_ChangedPasswordMailTriggerToMemberWithDeclinedStatus
/Real Appeal/Member/Tracker/Trackers_MyPlan,RA_Member_Tracker_MyPlan_ModifyTheTargetDate
/Real Appeal/Member/AccountSettings,RA_Member_AcSettings_MemberAlertMessageWhenTheMemberOptOutTheEmailContact
/Real Appeal/Member/AccountSettings,RA_Member_AcSettings_MemberFieldsMessagesDisplayedInTheCredentialsSection
/Real Appeal/Member/AccountSettings,RA_Member_AcSettings_MemberFieldsMessagesDisplayedInThePreferencesSection
/Real Appeal/Member/AccountSettings,RA_Member_AcSettings_MemberFieldsMessagesDisplayedInThePrimaryHealthInformationSection
/Real Appeal/Member/AccountSettings,RA_Member_AcSettings_MemberModifyContactInformation
/Real Appeal/Member/Content_Library,RA_Member_Content_Library_MemberNavigatingToTheSessionContentTab
/Real Appeal/Member/Content_Library,RA_Member_Content_Library_MemberSelectingTheValueFromTheFilter
/Real Appeal/Member/Dashboard,RA_Member_Dashboard _ClassroomNotStartedMember
/Real Appeal/Member/Dashboard,RA_Member_Dashboard_ClassroomNotAllocatedMember
/Real Appeal/Member/Dashboard,RA_Member_Dashboard_ClassroomStartedMembers
/Real Appeal/Member/Dashboard,RA_Member_Dashboard_MemberAddDataToCurrentDaysData
/Real Appeal/Member/Dashboard,RA_Member_Dashboard_MemberCalorieBreakdown
/Real Appeal/Member/Dashboard,RA_Member_Dashboard_MemberInitialGoal
/Real Appeal/Member/Dashboard,RA_Member_Dashboard_MemberOnlyGroupSessionIsDisplayedFirstInTheUpNextWidget
/Real Appeal/Member/Dashboard,RA_Member_Dashboard_MemberThreeDayStreak
/Real Appeal/Member/Dashboard,RA_Member_Dashboard_MemberWidgets
/Real Appeal/Member/Dashboard,RA_Member_Dashboard_UnapprovedClassMembers
/Real Appeal/Member/Dashboard,RA_Member_Dashboard_UnScheduledClassMembers
/Real Appeal/Member/Enrollment/Custom Enrollment,RA_Member_CustomEnrollment_MemberChangingInsuranceInfoViaProfile
/Real Appeal/Member/Enrollment/Custom Enrollment,RA_Member_CustomEnrollment_MemberEnrollmentToAClientWithSingleInsuranceCarrierAndMultiplePoliciesCarrierDisplayed
/Real Appeal/Member/Enrollment/Custom Enrollment,RA_Member_CustomEnrollment_ProviderViewsMemberProfileInsuranceDetails
/Real Appeal/Member/Enrollment/Enrollment,RA_Member_Enrollment_EditMemberProfileUsingOwnInsuranceDataWhenAllowMultipleEnrollmentTrue
/Real Appeal/Member/Enrollment/Enrollment,RA_Member_Enrollment_EditMemberProfileUsingTheBrandNewInsuranceDataWhenAllowMultipleEnrollmentTrue
/Real Appeal/Member/Enrollment/Enrollment,RA_Member_Enrollment_EditTheActivatedMemberProfileUsingTheBrandNewInsuranceDataWhenAllowMultipleEnrollmentTrue
/Real Appeal/Member/Enrollment/Enrollment,RA_Member_Enrollment_EditTheActivatedMemberProfileUsingTheHisHerOwnInsuranceDataWhenAllowMultipleEnrollmentTrue
/Real Appeal/Member/Enrollment/Enrollment,RA_Member_Enrollment_MemberCharacterLimitsForTheFirstNameAndLastNameFields
/Real Appeal/Member/Enrollment/Enrollment,RA_Member_Enrollment_MemberEmailAddressMaximumCharacterLength
/Real Appeal/Member/Enrollment/Enrollment,RA_Member_Enrollment_MemberEnrollment
/Real Appeal/Member/Enrollment/Enrollment,RA_Member_Enrollment_MemberIsAbleToContinueTheEnrollmentPartFromWhereHeSheLeft
/Real Appeal/Member/Enrollment/Enrollment,RA_Member_Enrollment_MemberLinkToDisplayTheInsuranceProviderNames
/Real Appeal/Member/Enrollment/Enrollment,RA_Member_Enrollment_MemberOrderYourSuccessKitTabCharacterLimitForTheMemberInputFields
/Real Appeal/Member/Enrollment/Enrollment,RA_Member_Enrollment_MemberWarningMessageIfTheMemberSelectsIDisagreeOptionAvailableUnderTheEmailField
/Real Appeal/Member/Enrollment/Enrollment,RA_Member_Enrollment_ProvidersReadOnlyViewOfMemberInsuranceDetails
/Real Appeal/Member/Enrollment/PHI Data Consent,RA_Member_PHIDataConsent_MemberAcceptsToSharingPHIData
/Real Appeal/Member/Enrollment/PHI Data Consent,RA_Member_PHIDataConsent_MemberEnrollmentToClientWhoEnabledPHIConsentFromDayOneToViewThePHIConsentForm
/Real Appeal/Member/Enrollment/PHI Data Consent,RA_Member_PHIDataConsent_PHIDataConsentSectionsUnavailableForCoaches
/Real Appeal/Member/Enrollment/PHI Data Consent,RA_Member_PHIDataConsent_Provider'sViewOfMemberProfileForAMemberWhoAcceptedToSharePHIDataDuringEnrollment
/Real Appeal/Member/Idle_Member,RA_Member_IdleMember_AlertMessageUponLoginAndPswdRestLogin
/Real Appeal/Member/Idle_Member,RA_Member_IdleMember_FirstEmailNotificationPart1
/Real Appeal/Member/Idle_Member,RA_Member_IdleMember_SecondEmailNotificationPart1
/Real Appeal/Member/Idle_Member,RA_Member_IdleMember_TurnOFFConfigurationForIdleMembersAtProgramLevel
/Real Appeal/Member/Idle_Member,RA_Member_IdleMember_TurnONConfigurationForIdleMembersAtProgramLevel
/Real Appeal/Member/Login,RA_Member_Login_MemberLoginWithInvalidCredentials
/Real Appeal/Member/Login,RA_Member_Login_MemberLoginWithValidCredentials
/Real Appeal/Member/Message Center,RA_Member_MessageCenter_EmailSubjectAndContentCharacterLimit
/Real Appeal/Member/Message Center,RA_Member_MessageCenter_MDACDateSortOrder
/Real Appeal/Member/Message Center,RA_Member_MessageCenter_PASendersProfilePicProviderInMemberDetailScreen
/Real Appeal/Member/Message Center,RA_Member_MessageCenter_ProgramAdminAndMemberIsAbleToOnlyReplyToTheMessages
/Real Appeal/Member/Message Center,RA_Member_MessageCenter_RecepientNameOnReplyingMessageToPA
/Real Appeal/Member/Message Center,RA_Member_MessageCenter_ReplyAllFeatureIsNotAvailableWhileReplyingToEmail
/Real Appeal/Member/Notification/Email,RA_Member_Notification_Email _ScheduleAndRescheduleCustomizationSession_Part_1
/Real Appeal/Member/PasswordPolicy,RA_Member_PasswordPolicy_AvailbilityOfPasswordPolicyLinkInLoginPopup
/Real Appeal/Member/PasswordPolicy,RA_Member_PasswordPolicy_DisplayQuestionSectionInTheAccountSettings
/Real Appeal/Member/PasswordPolicy,RA_Member_PasswordPolicy_MessageAppearsWhenMemberEntersWrongPassword
/Real Appeal/Member/PasswordPolicy,RA_Member_PasswordPolicy_SecurityAnswerVerificationWithSpecialCharactersOnHFOpsPortal
/Real Appeal/Member/Profile,RA_Member_Profile_MemberIsAbleToViewTheNextUpcomingGroupSessionDetails
/Real Appeal/Member/Profile,RA_Member_Profile_MemberLikesPanelEditable
/Real Appeal/Member/Profile,RA_Member_Profile_MemberViewRegisterYourFitnessDeviceInMemberProfilePage
/Real Appeal/Member/Profile,RA_Member_Profile_MemberYourPlanPanelUpdatedAsModified
/Real Appeal/Member/ProgramClosure,RA_Member_ProgramClosure_MemberContentLibrary
/Real Appeal/Member/ProgramClosure,RA_Member_ProgramClosure_MemberPortalPrivacyPolicyAndTermsOfUse
/Real Appeal/Member/ProgramClosure,RA_Member_ProgramClouser_MemberLoginAndDashboardMessageUponProgramCompletion
/Real Appeal/Member/Tracker/Trackers_Exercise,RA_Member_TrackersExercise_Member ExerciseExerciseGetsAddedUnderTheFavoritesSection
/Real Appeal/Member/Tracker/Trackers_Exercise,RA_Member_TrackersExercise_MemberExerciseAddCustomExercise
/Real Appeal/Member/Tracker/Trackers_Exercise,RA_Member_TrackersExercise_MemberExerciseCustomExerciseInTheFavoritesSection
/Real Appeal/Member/Tracker/Trackers_Exercise,RA_Member_TrackersExercise_MemberExerciseCustomExerciseIsAddedToTheListOfExerciseInADayUsingTheSameAsYesterdayFeature
/Real Appeal/Member/Tracker/Trackers_Exercise,RA_Member_TrackersExercise_MemberExerciseModifyingTheActivityLevel
/Real Appeal/Member/Tracker/Trackers_Food,RA_Member_TrackerFood_MemberFoodCreatingARecipe
/Real Appeal/Member/Tracker/Trackers_Food,RA_Member_TrackerFood_MemberFoodNavigatingToTheFoodTab
/Real Appeal/Member/Tracker/Trackers_Food,RA_Member_TrackerFood_MemberFoodSearch
/Real Appeal/Member/Tracker/Trackers_Measurements,RA_Member_Tracker_MemberMeasurementsNavigatingToTheMeasurementTab
/Real Appeal/Member/Tracker/Trackers_MyPlan,RA_Member_Tracker_MyPlan_ModifyTheAvgDailyExerciseCalAlertMessages
/Real Appeal/Member/Tracker/Trackers_MyPlan,RA_Member_Tracker_MyPlan_ModifyTheWeeklyRate
/Real Appeal/Member/Tracker/Trackers_MyPlan,RA_Member_Tracker_MyPlan_NavigatingToTheMyPlanTab
/Real Appeal/Member/Tracker/Trackers_MyPlan,RA_Member_Tracker_MyPlan_NutritionPlanning
/Real Appeal/Member/Tracker/Trackers_Progress,RA_Member_Tracker_ProgressDurationDropDownValuesInTheGraphs
/Real Appeal/Member/Tracker/Trackers_Water,RA_Member_Tracker_FillingTheEmptyGlasses
/Real Appeal/Member/Tracker/Trackers_Weight,RA_Member_Tracker_WeightFitbitWeight
/Real Appeal/Member/Tracker/Trackers_Weight,RA_Member_Tracker_WeightJawboneWeight
/Real Appeal/HFOps/Classes/All Sessions,RA_HFOPS_ Show RatingPopupDisplaysTheMemberRatingWithOtherDetailsFor1on1CSSessionsWhichAreCompleted
/Real Appeal/HFOps/Classes/All Sessions,RA_HFOPS_ ShowCalendarEnabledForAllUpcomingSessions
/Real Appeal/HFOps/Classes/All Sessions,RA_HFOPS_ ShowRatingIconDisabledForMissedSessionsForAllSessionTypes
/Real Appeal/HFOps/Classes/All Sessions,RA_HFOPS_ ShowRatingPopupIsDisabledForCompletedGroupSessions
/Real Appeal/HFOps/Classes/All Sessions,RA_HFOPS_ActionIconsVisibleForPARole
/Real Appeal/HFOps/Classes/All Sessions,RA_HFOPS_AllSessionsMenuIsNotVisibleForCoach.xlsx
/Real Appeal/HFOps/Classes/All Sessions,RA_HFOPS_AutoRefreshOfAllGridsEveryOneMinute
/Real Appeal/HFOps/Classes/All Sessions,RA_HFOPS_BrowserHistoryIconUnderAllSessionsTabForHFOpsHFAdmin
/Real Appeal/HFOps/Classes/All Sessions,RA_HFOPS_BrowserHistoryIconUnderUpcomingSessionsTabForHFOpsHFAdmin
/Real Appeal/HFOps/Classes/All Sessions,RA_HFOPs_CancelledCS1on1SessionsAreNotListedUnderUpcomingSessions
/Real Appeal/HFOps/Classes/All Sessions,RA_HFOPS_CancelSessionIconIsDisabledForUpcomingGroupAndCustomizationSessions
/Real Appeal/HFOps/Classes/All Sessions,RA_HFOPS_CancelSessionIsDisabledForAllSessionsUnderPreviousTab
/Real Appeal/HFOps/Classes/All Sessions,RA_HFOPs_CoachCalendarOnAccessingShowCalendarIconForAllPreviousSessions
/Real Appeal/HFOps/Classes/All Sessions,RA_HFOPS_ColumnsUnderAllSessions
/Real Appeal/HFOps/Classes/All Sessions,RA_HFOPS_ColumnsUnderPreviousSessions
/Real Appeal/HFOps/Classes/All Sessions,RA_HFOPS_ColumnsUnderUpcomingSessions
/Real Appeal/HFOps/Classes/All Sessions,RA_HFOPS_FilterUnderAllGrids
/Real Appeal/HFOps/Classes/All Sessions,RA_HFOPS_GridsUnderAllSessions
/Real Appeal/HFOps/Classes/All Sessions,RA_HFOPS_Group MemberInfoInformationAboutAllGroupMembers
/Real Appeal/HFOps/Classes/All Sessions,RA_HFOPS_GroupMembersInformationIconDisabledForAllPrevious1on1AndCSSessions
/Real Appeal/HFOps/Classes/All Sessions,RA_HFOPS_GroupMembersInformationIconDisabledForAllUpcoming1On1AndCSSessions
/Real Appeal/HFOps/Classes/All Sessions,RA_HFOPS_GroupMembersInformationIconEnabledForAllPreviousGroupSessions
/Real Appeal/HFOps/Classes/All Sessions,RA_HFOPS_GroupMembersInformationIconEnabledForAllUpcomingGroupCsSessions
/Real Appeal/HFOps/Classes/All Sessions,RA_HFOPS_GroupMembersInformationIconEnabledForAllUpcomingGroupSessions
/Real Appeal/HFOps/Classes/All Sessions,RA_HFOPS_HyperlinkUnderAllSessions
/Real Appeal/HFOps/Classes/All Sessions,RA_HFOPS_HyperlinkUnderPreviousSessions
/Real Appeal/HFOps/Classes/All Sessions,RA_HFOPS_HyperlinkUnderUpcomingSessions
/Real Appeal/HFOps/Classes/All Sessions,RA_HFOPS_Missed_CS1on1_Sessions_AreNotListedUnderUpcomingSessions
/Real Appeal/HFOps/Classes/All Sessions,RA_HFOPS_MissedSessionsAreListedUnderPreviousSessions
/Real Appeal/HFOps/Classes/All Sessions,RA_HFOPs_PreviousSessionsGrid
/Real Appeal/HFOps/Classes/All Sessions,RA_HFOPS_RescheduleSessionIconIsDisabledForUpcominglectureGroupAndCSsessions
/Real Appeal/HFOps/Classes/All Sessions,RA_HFOPS_RescheduleSessionIsDisabledForAllSessionsUnderPreviousTab
/Real Appeal/HFOps/Classes/All Sessions,RA_HFOPS_SearchRecordsByDateFilterInAll3Tabs
/Real Appeal/HFOps/Classes/All Sessions,RA_HFOPS_ShowBrowserHistoryDisplaysBrowserHistoryOfAllMemberFromTimeOfCreation
/Real Appeal/HFOps/Classes/All Sessions,RA_HFOPS_ShowCalendarEnabledForAllCompletedAndMissedSessions
/Real Appeal/HFOps/Classes/All Sessions,RA_HFOPS_ShowMemberNotesDisabledForGroupSessions
/Real Appeal/HFOps/Classes/All Sessions,RA_HFOPS_ShowMemberNotesDisplaysTheParticularSessionCompletionNotesandPreviousNotesOfTheMember
/Real Appeal/HFOps/Classes/All Sessions,RA_HFOPS_ShowMemberNotesEnabledForAllCompletedMissedorCancelledSessionTypes
/Real Appeal/HFOps/Classes/All Sessions,RA_HFOPS_ShowNotesDisplaysNotesPertainingToCurrentIntervalOfGroupSessionUnderGroupMemberInformationForAllCompletedSessions
/Real Appeal/HFOps/Classes/All Sessions,RA_HFOPS_ShowNotesDisplaysTheNotesPertainingToCurrentIntervalOfGroupSessionUnderGroupMemberInformation
/Real Appeal/HFOps/Classes/All Sessions,RA_HFOPS_ShowNotesIsEnabledForAllCompletedMissedOrCancelledSessionTypes
/Real Appeal/HFOps/Classes/All Sessions,RA_HFOPS_ShowRatingIconDisabledForUpcomingSessionsForAllSessionTypesThatAreScheduledAndRescheduled
/Real Appeal/HFOps/Classes/All Sessions,RA_HFOPS_ShowRatingIconEnabled ForCompleted1on1AndCSSessions
/Real Appeal/HFOps/Classes/All Sessions,RA_HFOPS_SubstituteCoachForUpcomingCustomizationSessions
/Real Appeal/HFOps/Classes/All Sessions,RA_HFOPS_SubstituteCoachIconIsDisabledForAllSessionsUnderPreviousTab
/Real Appeal/HFOps/Classes/All Sessions,RA_HFOPS_SubstituteCoachIconIsDisabledForGroupAndCSsessionsWhichAreInProgressandCompletedInTheUpcomingSessionsTab
/Real Appeal/HFOps/Classes/All Sessions,RA_HFOPS_SubstituteCoachIconIsEnabledForGroupAndCSSessionInTheUpcomingSessionsTab
/Real Appeal/HFOps/Classes/All Sessions,RA_HFOPS_SubstituteCoachIconIsEnabledInTheUpcomingSessionsTabForAllScheduledSessions
/Real Appeal/HFOps/Classes/All Sessions,RA_HFOPS_ValuesUnderAllColumnsUnderPreviousSessionsForCompletedCustomizationSessions
/Real Appeal/HFOps/Classes/Timeslot Check,RA_HFOPS_Classes_HealthyBMI_Timeslot_Check_Validation
/Real Appeal/HFOps/Classes/Timeslot Check,RA_HFOPS_Classes_OptionsUnderTimeslotCheck
/Real Appeal/HFOps/Classes/Timeslot Check,RA_HFOPS_Classes_Selecting1On1AsSessionTypeForRAShowsTheSearchTextBoxFilterByCoachEmailorCoachName
/Real Appeal/HFOps/Idle Member,RA_HFOPS_IdleMember_IdleMembersPreviousHistoryOfSessionsUnderSessionsTab
/Real Appeal/HFOps/Idle Member,RA_HFOPS_IdleMember_IdleStatusInMemberProfile
/Real Appeal/HFOps/Idle Member,RA_HFOPS_IdleMember_MemberStatusIdleMembersOnboardingStatusMember
/Real Appeal/HFOps/Idle Member,RA_HFOPS_IdleMember_PHIConsentDetailsOfTheMemberInIdleStatus
/Real Appeal/HFOps/Idle Member,RA_HFOPS_IdleMember_PreviousHistoryOfAttendanceInTrackerTab
/Real Appeal/HFOps/Idle Member,RA_HFOPS_IdleMember_SearchIdleMembersViaAccountStatusFilterOption
/Real Appeal/HFOps/Idle Member,RA_HFOPS_IdleMember_TrackingClaimsForIdleMembers
/Real Appeal/HFOps/Member,RA_HFOPS_Member_ChangeCity
/Real Appeal/HFOps/Member,RA_HFOPS_Member_ChangeMemberIDFromUIAndCompareWithDBAreSame
/Real Appeal/HFOps/Member,RA_HFOPS_Member_ChangeMemberProfileCityFromProviderAndVerifyInMemberPortal
/Real Appeal/HFOps/Member,RA_HFOPS_Member_ChangeMemberProfileDOBFromProviderAndVerifyInMemberPortal
/Real Appeal/HFOps/Member,RA_HFOPS_Member_ChangeMemberProfileEmailFromProviderAndVerifyInProviderPortal
/Real Appeal/HFOps/Member,RA_HFOPS_Member_ChangeMemberProfileFirstnameLastnameFromProviderAndVerifyInCoachPortal
/Real Appeal/HFOps/Member,RA_HFOPS_Member_ChangeMemberProfileFirstnameLastnameFromProviderAndVerifyInMemberSettingsPage
/Real Appeal/HFOps/Member,RA_HFOPS_Member_ClearEmailFromTheMemberProfileAndValidateEmailRequiredErrorMessage
/Real Appeal/HFOps/Member,RA_HFOPS_Member_ClickOnMemberTabAllOptionShouldBeDefaultInSearchDropdown
/Real Appeal/HFOps/Member,RA_HFOPS_Member_ClickOnMemberTabMemberNameShouldBeAscendingOrderInMemberListPage
/Real Appeal/HFOps/Member,RA_HFOPS_Member_Coachsort
/Real Appeal/HFOps/Member,RA_HFOPS_Member_CompareCoachProfileDetailsWithInputDataAndDB
/Real Appeal/HFOps/Member,RA_HFOPS_Member_CompareFirstnameAloneFromUIAndDB
/Real Appeal/HFOps/Member,RA_HFOPS_Member_CompareFirstnameAndLastNameByBothUIAndDB
/Real Appeal/HFOps/Member,RA_HFOPS_Member_CompareInsuranceCarrierFromUIAndDBForMember
/Real Appeal/HFOps/Member,RA_HFOPS_Member_CompareLastnameAloneFromUIAndDB
/Real Appeal/HFOps/Member,RA_HFOPS_Member_Emailsort
/Real Appeal/HFOps/Member,RA_HFOPS_Member_EnterInvalidFirstnameAndLastnameAndVerifyNoResultsFound
/Real Appeal/HFOps/Member,RA_HFOPS_Member_EnterMaxCharactersAddress1AndAdress2textboxAndVerifyErrorMessage
/Real Appeal/HFOps/Member,RA_HFOPS_Member_EnterMaxCharactersFirstnameAndLastnameAndVerifyErrorMessage
/Real Appeal/HFOps/Member,RA_HFOPS_Member_EnterNumberAndSpecialCharacterInCityTextboxIsNotValidErrorMessageShouldBeVerified
/Real Appeal/HFOps/Member,RA_HFOPS_Member_EnterSpecialCharacterInAddressTextboxAndVerifyErrorMessage
/Real Appeal/HFOps/Member,RA_HFOPS_Member_Health_Tracking
/Real Appeal/HFOps/Member,RA_HFOPS_Member_InvalidDOBValidationAndVerifyAlertMessage
/Real Appeal/HFOps/Member,RA_HFOPS_Member_MemberIdSort
/Real Appeal/HFOps/Member,RA_HFOPS_Member_MemberListCountVerificationWhileMemberSortingUsingName
/Real Appeal/HFOps/Member,RA_HFOPS_Member_MemberProfileClearTheEmailPhoneAndMobileFieldToCheckTheAlertMessage
/Real Appeal/HFOps/Member,RA_HFOPS_Member_MemberProfileIfOneDivision'sEditIsTurnedOnCheckIfTheOtherSection'sEditShouldNotBeClickAble
/Real Appeal/HFOps/Member,RA_HFOPS_Member_MemberSortingUsingAvailableOptionUnderSearchDropdown
/Real Appeal/HFOps/Member,RA_HFOPS_Member_MemberSortingUsingDifferentOnboardingStatus
/Real Appeal/HFOps/Member,RA_HFOPS_Member_ObserveIfTheLeftPageNavigationButtonIsDisabledInTheFirstPageOfMemberList
/Real Appeal/HFOps/Member,RA_HFOPS_Member_OnboardingStatusSort
/Real Appeal/HFOps/Member,RA_HFOPS_Member_ProgramSort
/Real Appeal/HFOps/Member,RA_HFOPS_Member_ProgressTabWithTheGraphCharts
/Real Appeal/HFOps/Member,RA_HFOPS_Member_SearchFieldInTheMemberListMustBeDisabledWhenTheAllOptionInTheSearchFilter
/Real Appeal/HFOps/Member,RA_HFOPS_Member_SelectClientInSearchFilterEnterValidClientWithSpaceBeforeTheTextInTheTextboxShouldBeEntered
/Real Appeal/HFOps/Member,RA_HFOPS_Member_SelectClientInTheSearchFilterEnterValidClientName
/Real Appeal/HFOps/Member,RA_HFOPS_Member_SelectEmailInSearchFilterEnterValidEmailWithSpaceBeforeTheTextInTheTextboxShouldBeEntered
/Real Appeal/HFOps/Member,RA_HFOPS_Member_SelectNameInTheSearchFilterEnterValidFirstnameLastnameCombinationWithExtraSpace
/Real Appeal/HFOps/Member,RA_HFOPS_Member_SelectNameInTheSearchFilterEnterValidFirstnameLastnameCombinationWithOutSpace
/Real Appeal/HFOps/Member,RA_HFOPS_Member_SelectOnboardingStatusInSearchFilterOfIEnterSpacesBeforeTheTextInTheTextbox
/Real Appeal/HFOps/Member,RA_HFOPS_Member_Sorting
/Real Appeal/HFOps/Member,RA_HFOPS_Member_UncheckPhoneMobileAndEmailVerifyFillatleastOneFormOfContactIsRequiredErrorMessage
/Real Appeal/HFOps/Member,RA_HFOPS_Member_ValidateDOBWithMinAndMaximumYears
/Real Appeal/HFOps/Member,RA_HFOPS_Member_VerificationAndValidationForFirstnameAndLastnameOnMemberProfile
/Real Appeal/HFOps/Member,RA_HFOPS_Member_VerifyClickOnClassroomLinkOnMemberstabIsNavigatedToClassestab
/Real Appeal/HFOps/Member,RA_HFOPS_Member_VerifyClientHeaderSortingByAscendingtoDescendingAndDescendingtoAscending
/Real Appeal/HFOps/Member,RA_HFOPS_Member_VerifyCoachHeaderSortingByAscendingtoDescendingAndDescendingtoAscending
/Real Appeal/HFOps/Member,RA_HFOPS_Member_VerifyColumnHeadersSortingByAscendingtoDescendingAndDescendingtoAscending
/Real Appeal/HFOps/Member,RA_HFOPS_Member_VerifyEmailHeaderSortingByAscendingtoDescendingAndDescendingtoAscending
/Real Appeal/HFOps/Member,RA_HFOPS_Member_VerifyMemberIDHeaderSortingByAscendingtoDescendingAndDescendingtoAscending
/Real Appeal/HFOps/Member,RA_HFOPS_Member_VerifyOnboardingStatusHeaderSortingByAscendingtoDescendingAndDescendingtoAscending
/Real Appeal/HFOps/Member,RA_HFOPS_Member_VerifyProgramHeaderSortingByAscendingtoDescendingAndDescendingtoAscending
/Real Appeal/HFOps/ProgramClosure,RA_HFOPS_ProgramClosure_MemberProfileNotes&Communication
/Real Appeal/HFOps/ProgramClosure,RA_HFOPS_ProgramClosure_PAMemberList
/Real Appeal/HFOps/Programs,RA_HFOPS_Programs_ProgramsDisplayBasedOnTheApproval
/Real Appeal/HFOps/Programs,RA_HFOPS_Programs_SessionActivityAssertDetails
/Real Appeal/HFOps/Programs,RA_HFOPS_Programs_SessionContractAssertDetails
/Real Appeal/HFOps/Programs,RA_HFOPS_Programs_SessionQuizAssertDetails
/Real Appeal/HFOps/Programs,RA_HFOPS_Programs_SessionScriptAssertDetails
/Real Appeal/HFOps/Programs,RA_HFOPS_Programs_SessionSnapShotAssertDetails
/Real Appeal/HFOps/Programs,RA_HFOPS_Programs_SessionVideoFunctionality
/Real Appeal/HFOps/Provider,RA_HFOPS_Provider_Sorting
/Real Appeal/Program Admin/Classes,RA_HBMI_PA_Classes_MembersGroupedUnderOneUnapprovedClass
/Real Appeal/Program Admin/Classes,RA_PA_Classes_ApprovedUnApprovedClassroomSearch
/Real Appeal/Program Admin/Classes,RA_PA_Classes_ApproveUnapprovedClass
/Real Appeal/Program Admin/Classes,RA_PA_Classes_ChangeClassOptionforMembers
/Real Appeal/Program Admin/Classes,RA_PA_Classes_CoachSearchesAssignedMembers
/Real Appeal/Program Admin/Classes,RA_PA_Classes_MembersGroupedUnderOneScheduledClass
/Real Appeal/Program Admin/Dashboard,RA_PA_Dashboard_1on1SessionConflictShouldHaveRescheduleOption
/Real Appeal/Program Admin/Dashboard,RA_PA_Dashboard_GroupSessionConflictShouldShowFindASubstituteOption
/Real Appeal/Program Admin/Idle Member,RA_PA_IdleMember_IdleMember'sStatusSfterMemberMovementByPA
/Real Appeal/Program Admin/Idle Member,RA_PA_IdleMember_IdleMembersPreviousHistoryOfSessionsUnderSessionsTab
/Real Appeal/Program Admin/Idle Member,RA_PA_IdleMember_IdleStatusInMemberProfile
/Real Appeal/Program Admin/Idle Member,RA_PA_IdleMember_MemberDetailsFutureAndPastGroupSessions
/Real Appeal/Program Admin/Idle Member,RA_PA_IdleMember_PAMovesIdleMemberToApprovedClass
/Real Appeal/Program Admin/Idle Member,RA_PA_IdleMember_PAMovesIdleMemberToInSufficientClass
/Real Appeal/Program Admin/Idle Member,RA_PA_IdleMember_PAMovesIdleMemberToUnApprovedClass
/Real Appeal/Program Admin/Idle Member,RA_PA_IdleMember_PHIConsentDetailsOfTheMemberInIdleStatus
/Real Appeal/Program Admin/Idle Member,RA_PA_IdleMember_PreviousHistoryOfAttendanceInTrackerTab
/Real Appeal/Program Admin/Idle Member,RA_PA_IdleMember_Schedule1On1SessionFromIdleMembersProfile
/Real Appeal/Program Admin/Idle Member,RA_PA_IdleMember_SearchIdleMembersViaAccountStatusFilterOption
/Real Appeal/Program Admin/Idle Member,RA_PA_IdleMember_TrackingClaimsForIdleMembers
/Real Appeal/Program Admin/Member,RA_PA_Member_ChangeMemberIDFromUIAndCompareWithDBAreSame
/Real Appeal/Program Admin/Member,RA_PA_Member_ChangeMemberProfileCityFromProviderAndVerifyInMemberPortal
/Real Appeal/Program Admin/Member,RA_PA_Member_ChangeMemberProfileDOBFromProviderAndVerifyInMemberPortal
/Real Appeal/Program Admin/Member,RA_PA_Member_ChangeMemberProfileEmailFromProviderAndVerifyInProviderPortal
/Real Appeal/Program Admin/Member,RA_PA_Member_ChangeMemberProfileFirstnameLastnameFromProviderAndVerifyInCoachPortal
/Real Appeal/Program Admin/Member,RA_PA_Member_ChangeMemberProfileFirstnameLastnameFromProviderAndVerifyInMemberSettingsPage
/Real Appeal/Program Admin/Member,RA_PA_Member_CheckTheOnboardingStatusOfMembers
/Real Appeal/Program Admin/Member,RA_PA_Member_ClearEmailFromTheMemberProfileAndValidateEmailRequiredErrorMessage
/Real Appeal/Program Admin/Member,RA_PA_Member_ClickOnMemberTabAllOptionShouldBeDefaultInSearchDropdown
/Real Appeal/Program Admin/Member,RA_PA_Member_ClickOnMemberTabMemberNameShouldBeAscendingOrderInMemberListPage
/Real Appeal/Program Admin/Member,RA_PA_Member_CompareCoachProfileDetailsWithInputDataAndDB
/Real Appeal/Program Admin/Member,RA_PA_Member_CompareFirstnameAloneFromUIAndDB
/Real Appeal/Program Admin/Member,RA_PA_Member_CompareFirstnameAndLastNameByBothUIAndDB
/Real Appeal/Program Admin/Member,RA_PA_Member_CompareInsuranceCarrierFromUIAndDBForMember
/Real Appeal/Program Admin/Member,RA_PA_Member_CompareLastnameAloneFromUIAndDB
/Real Appeal/Program Admin/Member,RA_PA_Member_Configurablecolumns
/Real Appeal/Program Admin/Member,RA_PA_Member_EnterInvalidFirstnameAndLastnameAndVerifyNoResultsFound
/Real Appeal/Program Admin/Member,RA_PA_Member_EnterMaxCharactersAddress1AndAdress2textboxAndVerifyErrorMessage
/Real Appeal/Program Admin/Member,RA_PA_Member_EnterMaxCharactersFirstnameAndLastnameAndVerifyErrorMessage
/Real Appeal/Program Admin/Member,RA_PA_Member_EnterNumberAndSpecialCharacterInCityTextboxIsNotValidErrorMessageShouldBeVerified
/Real Appeal/Program Admin/Member,RA_PA_Member_EnterSpecialCharacterInAddressTextboxAndVerifyErrorMessage
/Real Appeal/Program Admin/Member,RA_PA_Member_Health_Tracking
/Real Appeal/Program Admin/Member,RA_PA_Member_InvalidDOBValidationAndVerifyAlertMessage
/Real Appeal/Program Admin/Member,RA_PA_Member_MemberListCountVerificationWhileMemberSortingUsingName
/Real Appeal/Program Admin/Member,RA_PA_Member_MemberProfileClearTheEmailPhoneAndMobileFieldToCheckTheAlertMessage
/Real Appeal/Program Admin/Member,RA_PA_Member_MemberProfileIfOneDivision'sEditIsTurnedOnCheckIfTheOtherSection'sEditShouldNotBeClickAble
/Real Appeal/Program Admin/Member,RA_PA_Member_MemberSettingsIfAllThePreferencesAreCheckedOffCheck
/Real Appeal/Program Admin/Member,RA_PA_Member_MemberSortingUsingAvailableOptionUnderSearchDropdown
/Real Appeal/Program Admin/Member,RA_PA_Member_MemberSortingUsingDifferentOnboardingStatus
/Real Appeal/Program Admin/Member,RA_PA_Member_ObserveIfTheLeftPageNavigationButtonIsDisabledInTheFirstPageOfMemberList
/Real Appeal/Program Admin/Member,RA_PA_Member_ProgressTabWithTheGraphCharts
/Real Appeal/Program Admin/Member,RA_PA_Member_SearchFieldInTheMemberListMustBeDisabledWhenTheAllOptionInTheSearchFilter
/Real Appeal/Program Admin/Member,RA_PA_Member_SelectClientInSearchFilterEnterValidClientWithSpaceBeforeTheTextInTheTextboxShouldBeEntered
/Real Appeal/Program Admin/Member,RA_PA_Member_SelectClientInTheSearchFilterEnterValidClientName
/Real Appeal/Program Admin/Member,RA_PA_Member_SelectEmailInSearchFilterEnterValidEmailWithSpaceBeforeTheTextInTheTextboxShouldBeEntered
/Real Appeal/Program Admin/Member,RA_PA_Member_SelectNameInTheSearchFilterEnterValidFirstnameLastnameCombinationWithExtraSpace
/Real Appeal/Program Admin/Member,RA_PA_Member_SelectNameInTheSearchFilterEnterValidFirstnameLastnameCombinationWithOutSpace
/Real Appeal/Program Admin/Member,RA_PA_Member_SelectOnboardingStatusInSearchFilterOfIEnterSpacesBeforeTheTextInTheTextbox
/Real Appeal/Program Admin/Member,RA_PA_Member_UncheckPhoneMobileAndEmailVerifyFillatleastOneFormOfContactIsRequiredErrorMessage
/Real Appeal/Program Admin/Member,RA_PA_Member_UpcomingSessionsList
/Real Appeal/Program Admin/Member,RA_PA_Member_ValidateDOBWithMinAndMaximumYears
/Real Appeal/Program Admin/Member,RA_PA_Member_VerificationAndValidationForFirstnameAndLastnameOnMemberProfile
/Real Appeal/Program Admin/Member,RA_PA_Member_VerifyClickOnClassroomLinkOnMemberstabIsNavigatedToClassestab
/Real Appeal/Program Admin/Member,RA_PA_Member_VerifyClientHeaderSortingByAscendingtoDescendingAndDescendingtoAscending
/Real Appeal/Program Admin/Member,RA_PA_Member_VerifyCoachHeaderSortingByAscendingtoDescendingAndDescendingtoAscending
/Real Appeal/Program Admin/Member,RA_PA_Member_VerifyColumnHeadersSortingByAscendingtoDescendingAndDescendingtoAscending
/Real Appeal/Program Admin/Member,RA_PA_Member_VerifyEmailHeaderSortingByAscendingtoDescendingAndDescendingtoAscending
/Real Appeal/Program Admin/Member,RA_PA_Member_VerifyMemberIDHeaderSortingByAscendingtoDescendingAndDescendingtoAscending
/Real Appeal/Program Admin/Member,RA_PA_Member_VerifyOnboardingStatusHeaderSortingByAscendingtoDescendingAndDescendingtoAscending
/Real Appeal/Program Admin/Member,RA_PA_Member_VerifyProgramHeaderSortingByAscendingtoDescendingAndDescendingtoAscending
/Real Appeal/Program Admin/Message Center,RA_PA_MessageCenter_ComposeANewMessage
/Real Appeal/Program Admin/Message Center,RA_PA_MessageCenter_NewMessagesAreDisplayedOnDashboardWithALinkToViewAllMessages
/Real Appeal/Program Admin/Message Center,RA_PA_MessageCenter_PACanReceiveMessagesFromOtherPACoachWhoBelongToTheSameOrganization
/Real Appeal/Program Admin/Message Center,RA_PA_MessageCenter_SearchFilterFunctionalityInCompose
/Real Appeal/Program Admin/Message Center,RA_PA_MessageCenter_SearchFilterFunctionalityOnComposeWindow
/Real Appeal/Program Admin/Message Center,RA_PA_MessageCenter_UnreadMessages
/Real Appeal/Program Admin/Message Center,RA_PA_MessageCenter_UpdatedMemberNameShouldBeDisplayedInLookUpPage
/Real Appeal/Program Admin/Profile,RA_PA_Profile_My_Profile_Edit
/Real Appeal/Program Admin/Profile,RA_PA_Profile_My_Profile_General_Default_Tab
/Real Appeal/Program Admin/Profile,RA_PA_Profile_My_Profile_Verify_Following_Subtasks
/Real Appeal/Claims/Part1/BeFit_Positive,Claims_RA_PD_BMember_Enrollment_BeFit_Positive_Scenario_Part1
/Real Appeal/Claims/Part1/Member_BMI_Out_of_Range,Claims_RA_PD_BMember_Enrollment _Member_BMI_Out_Of_Range_Part1
/Real Appeal/Claims/Part1/Member_BMI_Out_of_Range,Claims_RA_PD_Customization_Session_Member_BMI_Out_Of_Range_Part2
/Real Appeal/Claims/Part1/Member_Did_Not_Qualify,Claims_RA_PD_BMember_Enrollment _Member_Did_Not_Qualify_Part1
/Real Appeal/Claims/Part1/Member_Enrollment,Claims_RA_PD_BMember_Enrollment_Part1
/Real Appeal/Claims/Part1/Member_Enrollment,Claims_RA_PD_Customization_Session_Part2
/Real Appeal/Claims/Part1/Member_Enrollment,Claims_RA_PD_Customization_Session_Reschedule_Part1
/Real Appeal/Claims/Part1/Member_Opts_Out_Of_Pgm,Claims_RA_PD_BMember_Enrollment _Member_Opts_Out_Of_Pgm_Part1
/Real Appeal/Claims/Part2,Claims_AttendedGroup_BeFit_Both_Active_By_Attendance_And_Weight_loss_Validation_Part2
/Real Appeal/Claims/Part2,Claims_AttendedGroup_Member_Not_Weight_Loss_Achievements_Validation_Part2
/Real Appeal/Claims/Part2,Claims_AttendedGroup_Missed1on1Sessoin_Validation_Part2
/Real Appeal/Claims/Part2,Claims_GroupAnd1on1Session_Attended_Validation_Part2
/Real Appeal/Claims/Part2,Claims_MissedGroup_Attended1on1Sessoin_No_Overlap_MemberAndCoach_Validation_Part2
/Real Appeal/Coach/Classes (All Sessions),RA_Coaches_ClassesAllSession_ClassesSearch
/Real Appeal/Coach/Creation_Activation,RA_Coach_CreationActivation_ApproveAndActivateNewCoach
/Real Appeal/Coach/Creation_Activation,RA_Coach_CreationActivation_CreateCoachForHBMIProgram
/Real Appeal/Coach/Creation_Activation,RA_Coach_CreationActivation_CreateCoachForRAGroupSession
/Real Appeal/Coach/Creation_Activation,RA_Coach_CreationActivation_CreateCoachHBMI1ForHBMI
/Real Appeal/Coach/Dashboard,RA_Coach_Dashboard_CSSessionInCalendar
/Real Appeal/Coach/Dashboard,RA_Coach_Dashboard_GroupSessionConflictShouldShowFindASubstituteOption
/Real Appeal/Coach/Dashboard,RA_Coach_Dashboard_Members_Configurablecolumns
/Real Appeal/Coach/Dashboard,RA_Coach_Dashboard_View_All_Messages
/Real Appeal/Coach/Idle Member,RA_Coach_IdleMember_MemberListIdleMembers
/Real Appeal/Coach/Login,RA_Coach_Login_Forgot_Password
/Real Appeal/Coach/Login,RA_Coach_Login_Validation
/Real Appeal/Coach/Member,RA_Coach_Member_ClickOnMemberTabAllOptionShouldBeDefaultInSearchDropdown
/Real Appeal/Coach/Member,RA_Coach_Member_ClickOnMemberTabMemberNameShouldBeAscendingOrderInMemberListPage
/Real Appeal/Coach/Member,RA_Coach_Member_CompareFirstnameAloneFromUIAndDB
/Real Appeal/Coach/Member,RA_Coach_Member_CompareFirstnameAndLastNameByBothUIAndDB
/Real Appeal/Coach/Member,RA_Coach_Member_CompareLastnameAloneFromUIAndDB
/Real Appeal/Coach/Member,RA_Coach_Member_EnterInvalidFirstnameAndLastnameAndVerifyNoResultsFound
/Real Appeal/Coach/Member,RA_Coach_Member_Health_Tracking
/Real Appeal/Coach/Member,RA_Coach_Member_MemberListCountVerificationWhileMemberSortingUsingName
/Real Appeal/Coach/Member,RA_Coach_Member_MemberSettingsIfAllThePreferencesAreCheckedOffCheck
/Real Appeal/Coach/Member,RA_Coach_Member_MemberSortingUsingAvailableOptionUnderSearchDropdown
/Real Appeal/Coach/Member,RA_Coach_Member_MemberSortingUsingDifferentOnboardingStatus
/Real Appeal/Coach/Member,RA_Coach_Member_ObserveIfTheLeftPageNavigationButtonIsDisabledInTheFirstPageOfMemberList
/Real Appeal/Coach/Member,RA_Coach_Member_ProgressTabWithTheGraphCharts
/Real Appeal/Coach/Member,RA_Coach_Member_SearchFieldInTheMemberListMustBeDisabledWhenTheAllOptionInTheSearchFilter
/Real Appeal/Coach/Member,RA_Coach_Member_SelectClientInSearchFilterEnterValidClientWithSpaceBeforeTheTextInTheTextboxShouldBeEntered
/Real Appeal/Coach/Member,RA_Coach_Member_SelectClientInTheSearchFilterEnterValidClientName
/Real Appeal/Coach/Member,RA_Coach_Member_SelectOnboardingStatusInSearchFilterOfIEnterSpacesBeforeTheTextInTheTextbox
/Real Appeal/Coach/Member,RA_Coach_Member_VerifyClickOnClassroomLinkOnMemberstabIsNavigatedToClassestab
/Real Appeal/Coach/Member,RA_Coach_Member_VerifyClientHeaderSortingByAscendingtoDescendingAndDescendingtoAscending
/Real Appeal/Coach/Member,RA_Coach_Member_VerifyCoachHeaderSortingByAscendingtoDescendingAndDescendingtoAscending
/Real Appeal/Coach/Member,RA_Coach_Member_VerifyColumnHeadersSortingByAscendingtoDescendingAndDescendingtoAscending
/Real Appeal/Coach/Member,RA_Coach_Member_VerifyEmailHeaderSortingByAscendingtoDescendingAndDescendingtoAscending
/Real Appeal/Coach/Member,RA_Coach_Member_VerifyErrorMessageByGivingValidAndInvalidMemberID
/Real Appeal/Coach/Member,RA_Coach_Member_VerifyMemberIDHeaderSortingByAscendingtoDescendingAndDescendingtoAscending
/Real Appeal/Coach/Member,RA_Coach_Member_VerifyOnboardingStatusHeaderSortingByAscendingtoDescendingAndDescendingtoAscending
/Real Appeal/Coach/Member,RA_Coach_Member_VerifyProgramHeaderSortingByAscendingtoDescendingAndDescendingtoAscending
/Real Appeal/Coach/Message Center,RA_Coach_MessageCenter_CoachCanAlsoSendMessagesToTheInactiveCoachesOrPAOfSameOrg
/Real Appeal/Coach/Message Center,RA_Coach_MessageCenter_CoachSendsAndReceivesMessagesFromTheMembersOnlyAssignedToHim
/Real Appeal/Coach/Message Center,RA_Coach_MessageCenter_CoachSendsMessagesOnlyToPAWhoBelongToTheSameOrganization
/Real Appeal/Coach/Message Center,RA_Coach_MessageCenter_CoachSendsMessagesToOtherCoachesWhoBelongToTheSameOrganization
/Real Appeal/Coach/Message Center,RA_Coach_MessageCenter_LookupFunctionalityOnComposeWindow
/Real Appeal/Coach/Message Center,RA_Coach_MessageCenter_MessageListPreviewSentByAMember
/Real Appeal/Coach/Message Center,RA_Coach_MessageCenter_NewMessagesAreDisplayedOnDashboardWithALinkToViewAllMessages
/Real Appeal/Coach/Message Center,RA_Coach_MessageCenter_SearchFilterFunctionalityOnComposeWindow
/Real Appeal/Coach/Profile,RA_Coach_Profile_Edit_profile_By_HFOps
/Real Appeal/Coach/Profile,RA_Coach_Profile_My_Profile_Edit
/Real Appeal/Coach/Profile,RA_Coach_Profile_My_Profile_General_Default_Tab
/Real Appeal/Coach/Profile,RA_Coach_Profile_My_Profile_Verify_Following_Subtasks
/Real Appeal/Coach/Scheduler,RA_Coach_Scheduler_AllRA-PDMembersGroupedUnderOneUnapprovedClass
/Real Appeal/Coach/Scheduler,RA_Coach_Scheduler_AllRANPDMembersGroupedUnderOneScheduledClass
/Real Appeal/Coach/Scheduler,RA_Coach_Scheduler_ApprovedUnApprovedClassroomSearchAndPagination
/Real Appeal/Coach/Scheduler,RA_Coach_Scheduler_CalendarofNewCoach
/Real Appeal/Coach/Scheduler,RA_Coach_Scheduler_ChangeAvailability
/Real Appeal/Coach/Scheduler,RA_Coach_Scheduler_ChangeClassOptionAvailableForClassroomNotApprovedMembers
/Real Appeal/Coach/Scheduler,RA_Coach_Scheduler_ChangeTimezone
/Real Appeal/Coach/Scheduler,RA_Coach_Scheduler_CheckAvailablility
/Real Appeal/Coach/Scheduler,RA_Coach_Scheduler_CheckTheOnboardingStatusOfMembers
/Real Appeal/Coach/Scheduler,RA_Coach_Scheduler_ClassroomSizeMinOptMaxLimits
/Real Appeal/Coach/Scheduler,RA_Coach_Scheduler_ClassroomsWithInsufficientStatusAfterTheCRJobRuns
/Real Appeal/Coach/Scheduler,RA_Coach_Scheduler_CoachCalendarCSSession
/Real Appeal/Coach/Scheduler,RA_Coach_Scheduler_CoachChangesAvailability
/Real Appeal/Coach/Scheduler,RA_Coach_Scheduler_CoachChangesAvailabilityToUnavailability
/Real Appeal/Coach/Scheduler,RA_Coach_Scheduler_CoachClassesList
/Real Appeal/Coach/Scheduler,RA_Coach_Scheduler_CoachMarkingUniqueAvailability
/Real Appeal/Coach/Scheduler,RA_Coach_Scheduler_CoachSearchesMemberListToCheckIfOnlyTwoRAPDMembersAreAssigned
/Real Appeal/Coach/Scheduler,RA_Coach_Scheduler_CoachsUpcomingSessionTop5UpcomingSessionsWithTheMostRecentOnTheTop
/Real Appeal/Coach/Scheduler,RA_Coach_Scheduler_CreateACoachToConductRAAndSetAnUniqueAvailability
/Real Appeal/Coach/Scheduler,RA_Coach_Scheduler_CreateANewCoachForHBMIGroupSessions
/Real Appeal/Coach/Scheduler,RA_Coach_Scheduler_CreateANewCoachForRAGroupSessions
/Real Appeal/Coach/Scheduler,RA_Coach_Scheduler_CreateApproveAndActivateNewCoachQACoachHBMI1ForHBMI
/Real Appeal/Coach/Scheduler,RA_Coach_Scheduler_DashboardClassroomStartedMembersWithOnboardingStatusMemberOnboarded
/Real Appeal/Coach/Scheduler,RA_Coach_Scheduler_DashboardScheduledClassMembers
/Real Appeal/Coach/Scheduler,RA_Coach_Scheduler_DefaultProviderHours
/Real Appeal/Coach/Scheduler,RA_Coach_Scheduler_DisapprovedCoachAboveStillCanLogin
/Real Appeal/Coach/Scheduler,RA_Coach_Scheduler_DisapprovedOpsadminDeactivatesTheOldCoach
/Real Appeal/Coach/Scheduler,RA_Coach_Scheduler_InsufficientClasses
/Real Appeal/Coach/Scheduler,RA_Coach_Scheduler_InsufficientClassMembersOnboardingStatusAndIsApprovedFlagReturnsNoValue
/Real Appeal/Coach/Scheduler,RA_Coach_Scheduler_InsufficientClassroomSearchAndPagination
/Real Appeal/Coach/Scheduler,RA_Coach_Scheduler_LoginAsMemberAndViewUpnextWidgetInDashboard
/Real Appeal/Coach/Scheduler,RA_Coach_Scheduler_MembersList
/Real Appeal/Coach/Scheduler,RA_Coach_Scheduler_MembersOnboardingStatusBeforeCRAllocationjobruns
/Real Appeal/Coach/Scheduler,RA_Coach_Scheduler_MoveMemberToOtherClassByPA
/Real Appeal/Coach/Scheduler,RA_Coach_Scheduler_MovingMembersFromScheduledClassroom
/Real Appeal/Coach/Scheduler,RA_Coach_Scheduler_NewCoachMarksAvailabilityForTheScheduledClassSlot
/Real Appeal/Coach/Scheduler,RA_Coach_Scheduler_OnboardingStatusAndIs_ApprovedFlagOfMembersInApprovedClass
/Real Appeal/Coach/Scheduler,RA_Coach_Scheduler_OnboardingStatusAndIsApprovedFlagOfMembersInApprovedClass
/Real Appeal/Coach/Scheduler,RA_Coach_Scheduler_OnboardingStatusOfMembersAfterAttendingGroup
/Real Appeal/Coach/Scheduler,RA_Coach_Scheduler_OneOnOneForMemberWhoseClassroomHasNotStarted
/Real Appeal/Coach/Scheduler,RA_Coach_Scheduler_OpsAdminCoachCreations
/Real Appeal/Coach/Scheduler,RA_Coach_Scheduler_PARemovesGroupSessionApprovalForOldCoach
/Real Appeal/Coach/Scheduler,RA_Coach_Scheduler_PASwitchesClassForAMemberUnderAnApprovedClassWhoseMaxSizeIsHit
/Real Appeal/Coach/Scheduler,RA_Coach_Scheduler_PermanentSubstitutionOfAnApprovedClass
/Real Appeal/Coach/Scheduler,RA_Coach_Scheduler_PostponePreponeInsufficientClass
/Real Appeal/Coach/Scheduler,RA_Coach_Scheduler_ProviderHoursEnabledForAnOrganization
/Real Appeal/Coach/Scheduler,RA_Coach_Scheduler_QueryTheDBForMemberOnboardingStatus
/Real Appeal/Coach/Scheduler,RA_Coach_Scheduler_QueryTheDBForTheMemberOnboardingStatus
/Real Appeal/Coach/Scheduler,RA_Coach_Scheduler_QueryTheDBOrTheMembersOnboardingStatus
/Real Appeal/Coach/Scheduler,RA_Coach_Scheduler_RAActivateNewCSCoachInTheProviderProfile
/Real Appeal/Coach/Scheduler,RA_Coach_Scheduler_RAApprovingAndActivatingCoachQACoachCS2ForCSSession
/Real Appeal/Coach/Scheduler,RA_Coach_Scheduler_RACreateNewCSCoachDoNotActivate
/Real Appeal/Coach/Scheduler,RA_Coach_Scheduler_ScheduleClassroomGridPagesFiltersControlsAndPagination
/Real Appeal/Coach/Scheduler,RA_Coach_Scheduler_ScheduledClasses
/Real Appeal/Coach/Scheduler,RA_Coach_Scheduler_ScheduledClassNoCoachAssigned
/Real Appeal/Coach/Scheduler,RA_Coach_Scheduler_ScheduledClassPostponeAndPrepone
/Real Appeal/Coach/Scheduler,RA_Coach_Scheduler_UnapprovedClasses
/Real Appeal/Coach/Scheduler,RA_Coach_Scheduler_UnapprovedClassroomAndIsApprovedFlagIsDb
/Real Appeal/Coach/Scheduler,RA_Coach_Scheduler_Upcoming_Sessions_Timezone _And_Hyperlinks